full_title,series,volume_number,price,currency,availability
"One Piece (Omnibus Edition), Vol. 32",One Piece (Omnibus Edition),32,288,Kč,Koupit
"One Piece (Omnibus Edition), Vol. 14",One Piece (Omnibus Edition),14,325,Kč,Koupit
"One Piece (Omnibus Edition), Vol. 20",One Piece (Omnibus Edition),20,325,Kč,Koupit
"One Piece (Omnibus Edition), Vol. 5",One Piece (Omnibus Edition, 5,319,Kč,Koupit
"One Piece (Omnibus Edition), Vol. 25",One Piece (Omnibus Edition),25,386,Kč,Koupit
"One Piece (Omnibus Edition), Vol. 2",One Piece (Omnibus Edition, 2,386,Kč,Koupit
"One Piece (Omnibus Edition), Vol. 15",One Piece (Omnibus Edition),15,325,Kč,Koupit
"One Piece (Omnibus Edition), Vol. 6",One Piece (Omnibus Edition, 6,291,Kč,Koupit
"One Piece (Omnibus Edition), Vol. 16",One Piece (Omnibus Edition),16,258,Kč,Koupit
"One Piece (Omnibus Edition), Vol. 10",One Piece (Omnibus Edition),10,291,Kč,Koupit
"One Piece (Omnibus Edition), Vol. 4",One Piece (Omnibus Edition, 4,370,Kč,Koupit
"One Piece (Omnibus Edition), Vol. 18",One Piece (Omnibus Edition),18,386,Kč,Koupit
"One Piece (Omnibus Edition), Vol. 29",One Piece (Omnibus Edition),29,386,Kč,Koupit
"One Piece (Omnibus Edition), Vol. 24",One Piece (Omnibus Edition),24,402,Kč,Koupit
"One Piece (Omnibus Edition), Vol. 11",One Piece (Omnibus Edition),11,267,Kč,Koupit
"One Piece (Omnibus Edition), Vol. 22",One Piece (Omnibus Edition),22,325,Kč,Koupit
"One Piece (Omnibus Edition), Vol. 26",One Piece (Omnibus Edition),26,256,Kč,Koupit
"One Piece (Omnibus Edition), Vol. 1",One Piece (Omnibus Edition, 1,325,Kč,Koupit
"One Piece (Omnibus Edition), Vol. 12",One Piece (Omnibus Edition),12,325,Kč,Koupit
"One Piece (Omnibus Edition), Vol. 21",One Piece (Omnibus Edition),21,386,Kč,Koupit
"One Piece (Omnibus Edition), Vol. 27",One Piece (Omnibus Edition),27,325,Kč,Koupit
"One Piece (Omnibus Edition), Vol. 19",One Piece (Omnibus Edition),19,275,Kč,Koupit
"One Piece (Omnibus Edition), Vol. 7",One Piece (Omnibus Edition, 7,288,Kč,Koupit
"One Piece (Omnibus Edition), Vol. 9",One Piece (Omnibus Edition, 9,321,Kč,Koupit
"One Piece (Omnibus Edition), Vol. 28",One Piece (Omnibus Edition),28,235,Kč,Koupit
"One Piece (Omnibus Edition), Vol. 23",One Piece (Omnibus Edition),23,402,Kč,Koupit
"One Piece (Omnibus Edition), Vol. 8",One Piece (Omnibus Edition, 8,300,Kč,Koupit
"One Piece (Omnibus Edition), Vol. 13",One Piece (Omnibus Edition),13,386,Kč,Koupit
"One Piece (Omnibus Edition), Vol. 17",One Piece (Omnibus Edition),17,328,Kč,Koupit
"One Piece (Omnibus Edition), Vol. 30",One Piece (Omnibus Edition),30,325,Kč,Koupit
"One Piece (Omnibus Edition), Vol. 3",One Piece (Omnibus Edition, 3,322,Kč,Koupit
"One Piece (Omnibus Edition), Vol. 31",One Piece (Omnibus Edition),31,280,Kč,Koupit
"One Piece (Omnibus Edition), Vol. 33",One Piece (Omnibus Edition),33,325,Kč,Předobjednat
